task_name,component_id,task_schedulable,avg_response_time,max_response_time,component_schedulable
Task_0,Camera_Sensor,1,50.156017369727046,207.531017369727,1
Task_1,Camera_Sensor,1,163.23821339950376,295.2382133995037,1
Task_2,Camera_Sensor,1,34.73221670802317,219.14888337468983,1
Task_3,Camera_Sensor,1,683.0558312655087,858.5558312655087,1
Task_4,Image_Processor,1,335.6008064516129,490.1008064516129,1
Task_5,Image_Processor,1,392.741935483871,547.241935483871,1
Task_6,Image_Processor,1,679.2318548387096,679.2318548387096,1
Task_7,Image_Processor,1,575.0302419354839,575.0302419354839,1
Task_8,Image_Processor,1,326.8178763440861,463.1512096774194,1
