task_name,component_id,task_schedulable,avg_response_time,max_response_time,component_schedulable
Task_0,Camera_Sensor,1,62.89228110599081,245.26728110599083,1
Task_1,Camera_Sensor,1,210.35176651305687,411.0184331797235,1
Task_2,Camera_Sensor,1,40.45199692780337,240.36866359447004,1
Task_3,Camera_Sensor,1,636.9239631336404,879.4239631336404,1
Task_4,Image_Processor,1,259.1008064516129,377.1008064516129,1
Task_5,Image_Processor,1,319.241935483871,434.241935483871,1
Task_6,Image_Processor,1,566.2318548387096,566.2318548387096,1
Task_7,Image_Processor,1,462.0302419354839,462.0302419354839,1
Task_8,Image_Processor,1,240.81787634408602,356.1512096774194,1
